File Design Information:,,,,,,
,,,,,,
Date:       10-12-24,,,,,,
Time:       12:46,,,,,,
Revision:   Not in VersionControl,,,,,,
Variant:    No variations,,,,,,
Units used: mm,,,,,,
,,,,,,
Designator,Comment,Layer,Footprint,Center-X(mm),Center-Y(mm),Rotation
U4,MAGNETIC-HMC5883L(PLCC16),TopLayer,PLCC16-0.5-3X3MM,9.803,39.239,90
U3,MPU-6050,TopLayer,QFN50P400X400X95-24N,23.369,40.894,0
U1,STM32F411CEU6,TopLayer,QFN50P700X700X60-49N,24.102,25.782,0
U5,BME280,TopLayer,PSON65P250X250X100-8N,39.116,31.877,180
